{
  "danish": 0.21997062976265233,
  "english": 0.6142605600193763,
  "finnish": 0.5064024824411846,
  "french": 0.577440763219946,
  "german": 0.0,
  "italian": 0.8053904071247994,
  "portoguese": 1.0,
  "spanish": 0.9613115367529009,
  "swedish": 0.48673292659318357
}
